chr,start,end,id,genes,diseases,variant_type,variant_name,variant_mode,pmid,gene_score,disease_score
chr1,209989270.0,209989270.0,tmVar:rs642961;VariantGroup:0;RS#:642961,IRF6 (interferon regulatory factor 6) (54139); IRF6 (54139); interferon regulatory factor 6 (54139); AP-2alpha (21418),cleft lip (MESH:D002971); NSCL/P (MESH:D002972); cleft palate (MESH:D002972); nonsyndromic cleft lip with or without (NSCL/P) (MESH:C566121); nonsyndromic cleft lip with or without (MESH:C566121),unknown,rs642961,unknown,18836445,8; 8; 0; 8,7; 0; 6; 9; 0
,,,tmVar:c|SUB|G||A;VariantGroup:0;RS#:642961,IRF6 (54139); interferon regulatory factor 6 (54139); AP-2alpha (21418),cleft lip (MESH:D002971); NSCL/P (MESH:D002972); cleft palate (MESH:D002972); nonsyndromic cleft lip with or without cleft palate (MESH:C566121); nonsyndromic cleft lip with or without (MESH:C566121),substitution,G>A,unknown,18836445,8; 8; 9,5; 9; 5; 9; 0
chr10,43582014.0,43582014.0,tmVar:rs2435357;VariantGroup:0;CorrespondingGene:5979;RS#:2435357;CorrespondingSpecies:9606,RET (5979),developmental disorders (MESH:D002658); Down syndrome (MESH:D004314); HSCR (MESH:D006627); Hirschsprung disease (MESH:D006627); DS (MESH:D004314),unknown,rs2435357,unknown,19306335,8,4; 9; 8; 9; 8
chr10,43077069.0,43077069.0,tmVar:c|SUB|C||T;VariantGroup:0;CorrespondingGene:5979;RS#:2435357;CorrespondingSpecies:9606;CA#:9335,RET (5979),developmental disorders (MESH:D002658); Down syndrome (MESH:D004314); HSCR (MESH:D006627); Hirschsprung disease (MESH:D006627); DS (MESH:D004314),substitution,C>T,unknown,19306335,9,6; 8; 8; 8; 8
chr10,43077069.0,43077069.0,tmVar:c|SUB|C||T;VariantGroup:1;CorrespondingGene:5979;CorrespondingSpecies:9606,RET (5979); receptor tyrosine kinase (5979); SOX10 (6663),Hirschsprung disease (MESH:D006627); aganglionosis (MESH:D006627); HSCR (MESH:D006627),substitution,C-->T,unknown,20598273,9; 6; 7,8; 4; 8
chr10,43582014.0,43582014.0,tmVar:rs2435357;VariantGroup:0;CorrespondingGene:5979;RS#:2435357;CorrespondingSpecies:9606,RET (5979); receptor tyrosine kinase (5979); SOX10 (6663),Hirschsprung disease (MESH:D006627); aganglionosis (MESH:D006627); HSCR (MESH:D006627),unknown,rs2435357,unknown,20598273,8; 0; 6,9; 8; 9
chr7,91851332.0,91851332.0,tmVar:p|SUB|R|338|W;HGVS:p.R338W;VariantGroup:0;CorrespondingGene:7068;RS#:121918697(Expired);CorrespondingSpecies:9606;CA#:122495,TR beta1 (50840); thyroid hormone receptor beta (7068); TR beta2 (50839),resistance to thyroid hormone (MESH:D018382); genetic diseases (MESH:D030342); pituitary-selective RTH (MESH:C564154); hyperthyroid (MESH:D006980); hypothyroidism (MESH:D007037); RTH (MESH:D018382),substitution,p.R338W,unknown,21871106,6; 8; 9,10; 4; 8; 0; 0; 10
chr7,91921468.0,91921468.0,tmVar:rs2596623;VariantGroup:1;CorrespondingGene:7068;RS#:2596623;CorrespondingSpecies:9606,TR beta1 (50840); thyroid hormone receptor beta (7068); TR beta2 (50839),resistance to thyroid hormone (MESH:D018382); genetic diseases (MESH:D030342); pituitary-selective RTH (MESH:C564154); hyperthyroid (MESH:D006980); hypothyroidism (MESH:D007037); RTH (MESH:D018382),unknown,rs2596623,unknown,21871106,6; 8; 9,8; 4; 6; 0; 0; 8
chr7,91921595.0,91921595.0,tmVar:rs2596622;VariantGroup:2;CorrespondingGene:7068;RS#:2596622;CorrespondingSpecies:9606,TR beta1 (50840); thyroid hormone receptor beta (7068); TR beta2 (50839),resistance to thyroid hormone (MESH:D018382); genetic diseases (MESH:D030342); pituitary-selective RTH (MESH:C564154); hyperthyroid (MESH:D006980); hypothyroidism (MESH:D007037); RTH (MESH:D018382),unknown,rs2596622,unknown,21871106,6; 8; 9,9; 6; 8; 0; 0; 9
chr8,37992054.0,37992380.0,tmVar:c|SUB|G|109_435|A;HGVS:c.109_435G>A;VariantGroup:0;CorrespondingGene:5626;RS#:73346254;CorrespondingSpecies:9606,PROP1 (5626),familial combined pituitary hormone deficiency (MESH:C580003); CPHD (MESH:C580003),substitution,c.109_435G>A,unknown,22745233,8,8; 8
chr8,37992287.0,37992287.0,tmVar:rs73346254;VariantGroup:0;CorrespondingGene:5626;RS#:73346254;CorrespondingSpecies:9606,PROP1 (5626),familial combined pituitary hormone deficiency (MESH:C580003); CPHD (MESH:C580003),unknown,rs73346254,unknown,22745233,9,8; 8
chr8,37992054.0,37992408.0,tmVar:c|SUB|C|109_463|T;HGVS:c.109_463C>T;VariantGroup:1;CorrespondingGene:5626;RS#:4498267;CorrespondingSpecies:9606,PROP1 (5626),familial combined pituitary hormone deficiency (MESH:C580003); CPHD (MESH:C580003),substitution,c.109_463C>T,unknown,22745233,8,9; 9
chr8,37995632.0,37995632.0,tmVar:rs4498267;VariantGroup:1;CorrespondingGene:5626;RS#:4498267;CorrespondingSpecies:9606,PROP1 (5626),familial combined pituitary hormone deficiency (MESH:C580003); CPHD (MESH:C580003),unknown,rs4498267,unknown,22745233,8,7; 7
chr8,37992054.0,37992713.0,tmVar:c|SUB|C|109_768|G;HGVS:c.109_768C>G;VariantGroup:2;CorrespondingGene:5626;RS#:4431364;CorrespondingSpecies:9606,PROP1 (5626),familial combined pituitary hormone deficiency (MESH:C580003); CPHD (MESH:C580003),substitution,c.109_768C>G,unknown,22745233,9,8; 8
chr8,37996942.0,37996942.0,tmVar:rs4431364;VariantGroup:2;CorrespondingGene:5626;RS#:4431364;CorrespondingSpecies:9606,PROP1 (5626),familial combined pituitary hormone deficiency (MESH:C580003); CPHD (MESH:C580003); familial combined pituitary hormone deficiency (CPHD) (MESH:C580003),unknown,rs4431364,unknown,22745233,9,0; 8; 8
,,,tmVar:c|INDEL|109+915_917|X;HGVS:c.109+915_917delinsX;VariantGroup:3;CorrespondingGene:5626;RS#:148607624;CorrespondingSpecies:9606,PROP1 (5626),familial combined pituitary hormone deficiency (MESH:C580003); CPHD (MESH:C580003),deletion,c.109+915_917delinsX,unknown,22745233,8,9; 9
,,,tmVar:rs148607624;VariantGroup:3;CorrespondingGene:5626;RS#:148607624;CorrespondingSpecies:9606,PROP1 (5626),familial combined pituitary hormone deficiency (MESH:C580003); CPHD (MESH:C580003); familial combined pituitary hormone deficiency (CPHD) (MESH:C580003),unknown,rs148607624,unknown,22745233,8,0; 9; 9
,,,tmVar:p|DEL|148607624|X;HGVS:p.X148607624del;VariantGroup:4;CorrespondingGene:5626;CorrespondingSpecies:9606,PROP1 (5626),familial combined pituitary hormone deficiency (MESH:C580003); CPHD (MESH:C580003),deletion,p.X148607624del,unknown,22745233,9,8; 8
,,,tmVar:rs7850258;VariantGroup:0;RS#:7850258,foxe1 (2304); FOXE1 (2304); MYC (4609); ARNT (405),cleft lip (MESH:D002971); hypothyroidism (MESH:D007037); CLP (MESH:D002972); cleft palate (MESH:D002972); thyroid cancer (MESH:D013964),unknown,rs7850258,unknown,25652407,0; 7; 6; 6,8; 8; 8; 8; 8
,,,tmVar:rs227727;VariantGroup:0;RS#:227727,ARHGAP29 (9411); PAX7 (5081); FGFR2 (2263); NOG (9241); NTN1 (9423),nonsyndromic clefting (MESH:C566121); nonsyndromic orofacial clefts (MESH:C566121),unknown,rs227727,unknown,25704602,0; 0; 6; 8; 4,4; 4
,,,tmVar:rs16969681;VariantGroup:2;RS#:16969681,GREM1 (26585),oral clefts (MESH:D002971); nonsyndromic cleft lip (MESH:D002971); NSCL/P (MESH:D002972); cleft palate (MESH:D002972); developmental anomaly (MESH:C566440),unknown,rs16969681,unknown,26043427,9,8; 7; 9; 0; 7
,,,tmVar:rs16969816;VariantGroup:0;RS#:16969816,GREM1 (26585),oral clefts (MESH:D002971); nonsyndromic cleft lip (MESH:D002971); NSCL/P (MESH:D002972); cleft palate (MESH:D002972); developmental anomaly (MESH:C566440),unknown,rs16969816,unknown,26043427,6,8; 8; 9; 0; 4
,,,tmVar:rs1258763;VariantGroup:1;RS#:1258763,GREM1 (26585),oral clefts (MESH:D002971); nonsyndromic cleft lip (MESH:D002971); NSCL/P (MESH:D002972); cleft palate (MESH:D002972); developmental anomaly (MESH:C566440),unknown,rs1258763,unknown,26043427,6,8; 8; 9; 5; 6
